{
  "Logistic Regression": 0.78863543313278,
  "SVM (Linear)": 0.778738818859422
}